OBJECT_TYPE,POSITION_X,POSITION_Y,HOME/WORK_GRID,PATH_TO_WORK_PLACE,IS_CITIZEN/HAS_HOME/HAS_WORK_PLACE/IS_MOVING,FIND_TIMER,FIND_INTERVAL,PATIENCE,STATUS,LIFE_TIEMR,LIFE_INTERVAL,SPEED,WALK_PATH,NEXT/START/DEST/PRE_GRID,TAGS
1,1141.365112,775.000000,23/16/21/16/,23/16/23/15/22/15/21/15/21/16/,15,0.000000,0.608706,102,4,0.000000,1.000000,50.000000,21/15/21/16/,22/15/23/16/21/16/22/15/,N
1,1107.727417,775.000000,23/16/21/16/,23/16/23/15/22/15/21/15/21/16/,15,0.000000,0.168960,102,4,0.000000,1.000000,50.000000,21/16/,21/15/23/16/21/16/22/15/,N
1,1004.394714,675.000000,21/13/19/14/,21/13/20/13/19/13/19/14/,15,0.000000,0.541398,102,4,0.000000,1.000000,50.000000,19/14/,19/13/21/13/19/14/20/13/,N
1,925.000000,575.000000,18/11/N/N/,N,12,0.381774,0.582496,97,1,0.000000,1.000000,50.000000,N,N/N/N/N/N/N/18/11/,N
1,925.000000,639.545227,18/11/19/14/,18/11/18/12/18/13/19/13/19/14/,15,0.000000,0.427047,102,4,0.000000,1.000000,50.000000,19/13/19/14/,18/13/18/11/19/14/18/12/,N
1,0.000000,0.000000,N/N/N/N/,N,0,0.042447,0.730543,96,0,0.000000,1.000000,50.000000,N,N/N/N/N/N/N/0/0/,N
1,0.000000,0.000000,N/N/N/N/,N,0,0.103048,0.144447,82,0,0.000000,1.000000,50.000000,N,N/N/N/N/N/N/0/0/,N
1,0.000000,0.000000,N/N/N/N/,N,0,0.284849,0.775194,97,0,0.000000,1.000000,50.000000,N,N/N/N/N/N/N/0/0/,N
